<?xml version="1.0" encoding="UTF-8" ?>
<configuration>

    <service uuid="1800">
      <description>Generic Access Profile</description>

      <characteristic uuid="2a00">
        <properties read="true" const="true" />
        <value>BG Demo</value>
      </characteristic>

      <characteristic uuid="2a01">
        <properties read="true" const="true" />
        <value type="hex">4142</value>
      </characteristic>
    </service>

    <service type="primary" uuid="9000" id="manufacturer">
        <characteristic uuid="9100">
            <properties read="true" const="true" />
            <value type="hex">000780c0ffeef00d</value>
        </characteristic>
        <characteristic uuid="9101">
            <properties read="true" const="true" />
            <value>modelnumber</value>
        </characteristic>
        <characteristic uuid="9106">
            <properties read="true" const="true" />
            <value>Bluegiga</value>
        </characteristic>
    </service>

    <service uuid="e001">
       <description>Battery status</description>
       <include id="manufacturer" />
      <characteristic uuid="e101" id="xgatt_battery">
          <properties read="true" notify="true" />
          <value type="hex">ABCD</value>
      </characteristic>
    </service>
    
    <service uuid="00431c4a-a7a4-428b-a96d-d92d43c8c7cf">
        <description>Bluegiga demo service</description>
        <characteristic uuid="f1b41cde-dbf5-4acf-8679-ecb8b4dca6fe">
            <properties read="true" write="true"/>
            <value type="hex">coffee</value>
        </characteristic>
    </service>
</configuration>
