<NotepadPlus>
    <AutoComplete language="BGScript">
        <Environment ignoreCase="no" startFunc="(" stopFunc=")" paramSeparator="," />
        <KeyWord name="attclient_attribute_found" func="yes">
            <Overload retVal="">
                <Param name="connection (connection, uint8)" />
                <Param name="chrdecl (uint16)" />
                <Param name="value (uint16)" />
                <Param name="properties (uint8)" />
                <Param name="uuid (uint8array)" />
            </Overload>
        </KeyWord>
        <KeyWord name="attclient_attribute_value" func="yes">
            <Overload retVal="">
                <Param name="connection (connection, uint8)" />
                <Param name="atthandle (uint16)" />
                <Param name="type (uint8)" />
                <Param name="value (uint8array)" />
            </Overload>
        </KeyWord>
        <KeyWord name="attclient_attribute_write" func="yes">
            <Overload retVal="connection (uint8), result (errorcode)">
                <Param name="connection (uint8)" />
                <Param name="atthandle (uint16)" />
                <Param name="data (uint8array)" />
            </Overload>
        </KeyWord>
        <KeyWord name="attclient_execute_write" func="yes">
            <Overload retVal="connection (uint8), result (errorcode)">
                <Param name="connection (connection, uint8)" />
                <Param name="commit (uint8)" />
            </Overload>
        </KeyWord>
        <KeyWord name="attclient_find_by_type_value" func="yes">
            <Overload retVal="connection (connection), result (errorcode)">
                <Param name="connection (connection, uint8)" />
                <Param name="start (uint16)" />
                <Param name="end (uint16)" />
                <Param name="uuid (uint16)" />
                <Param name="value (uint8array)" />
            </Overload>
        </KeyWord>
        <KeyWord name="attclient_find_information" func="yes">
            <Overload retVal="connection (connection), result (errorcode)">
                <Param name="connection (connection, uint8)" />
                <Param name="start (uint16)" />
                <Param name="end (uint16)" />
            </Overload>
        </KeyWord>
        <KeyWord name="attclient_find_information_found" func="yes">
            <Overload retVal="">
                <Param name="connection (connection, uint8)" />
                <Param name="chrhandle (uint16)" />
                <Param name="uuid (uint8array)" />
            </Overload>
        </KeyWord>
        <KeyWord name="attclient_group_found" func="yes">
            <Overload retVal="">
                <Param name="connection (connection, uint8)" />
                <Param name="start (uint16)" />
                <Param name="end (uint16)" />
                <Param name="uuid (uint8array)" />
            </Overload>
        </KeyWord>
        <KeyWord name="attclient_indicate_confirm" func="yes">
            <Overload retVal="result (errorcode)">
                <Param name="connection (uint8)" />
            </Overload>
        </KeyWord>
        <KeyWord name="attclient_indicated" func="yes">
            <Overload retVal="">
                <Param name="connection (connection, uint8)" />
                <Param name="attrhandle (uint16)" />
            </Overload>
        </KeyWord>
        <KeyWord name="attclient_prepare_write" func="yes">
            <Overload retVal="connection (uint8), result (errorcode)">
                <Param name="connection (uint8)" />
                <Param name="atthandle (uint16)" />
                <Param name="offset (uint16)" />
                <Param name="data (uint8array)" />
            </Overload>
        </KeyWord>
        <KeyWord name="attclient_procedure_completed" func="yes">
            <Overload retVal="">
                <Param name="connection (connection, uint8)" />
                <Param name="result (errorcode, uint16)" />
                <Param name="chrhandle (uint16)" />
            </Overload>
        </KeyWord>
        <KeyWord name="attclient_read_by_group_type" func="yes">
            <Overload retVal="connection (connection), result (errorcode)">
                <Param name="connection (connection, uint8)" />
                <Param name="start (uint16)" />
                <Param name="end (uint16)" />
                <Param name="uuid (uint8array)" />
            </Overload>
        </KeyWord>
        <KeyWord name="attclient_read_by_handle" func="yes">
            <Overload retVal="connection (connection), result (errorcode)">
                <Param name="connection (connection, uint8)" />
                <Param name="chrhandle (uint16)" />
            </Overload>
        </KeyWord>
        <KeyWord name="attclient_read_by_type" func="yes">
            <Overload retVal="connection (connection), result (errorcode)">
                <Param name="connection (connection, uint8)" />
                <Param name="start (uint16)" />
                <Param name="end (uint16)" />
                <Param name="uuid (uint8array)" />
            </Overload>
        </KeyWord>
        <KeyWord name="attclient_read_long" func="yes">
            <Overload retVal="connection (uint8), result (errorcode)">
                <Param name="connection (uint8)" />
                <Param name="chrhandle (uint16)" />
            </Overload>
        </KeyWord>
        <KeyWord name="attclient_read_multiple" func="yes">
            <Overload retVal="connection (connection), result (errorcode)">
                <Param name="connection (connection, uint8)" />
                <Param name="handles (uint8array)" />
            </Overload>
        </KeyWord>
        <KeyWord name="attclient_read_multiple_response" func="yes">
            <Overload retVal="">
                <Param name="connection (connection, uint8)" />
                <Param name="handles (uint8array)" />
            </Overload>
        </KeyWord>
        <KeyWord name="attclient_write_command" func="yes">
            <Overload retVal="connection (uint8), result (errorcode)">
                <Param name="connection (uint8)" />
                <Param name="atthandle (uint16)" />
                <Param name="data (uint8array)" />
            </Overload>
        </KeyWord>
        <KeyWord name="attributes_read" func="yes">
            <Overload retVal="handle (uint16), offset (uint16), result (errorcode), value (uint8array)">
                <Param name="handle (uint16)" />
                <Param name="offset (uint16)" />
            </Overload>
        </KeyWord>
        <KeyWord name="attributes_read_type" func="yes">
            <Overload retVal="handle (uint16), result (errorcode), value (uint8array)">
                <Param name="handle (uint16)" />
            </Overload>
        </KeyWord>
        <KeyWord name="attributes_status" func="yes">
            <Overload retVal="">
                <Param name="handle (uint16)" />
                <Param name="flags (uint8)" />
            </Overload>
        </KeyWord>
        <KeyWord name="attributes_user_read_request" func="yes">
            <Overload retVal="">
                <Param name="connection (connection, uint8)" />
                <Param name="handle (uint16)" />
                <Param name="offset (uint16)" />
            </Overload>
        </KeyWord>
        <KeyWord name="attributes_user_read_response" func="yes">
            <Overload retVal="">
                <Param name="connection (connection, uint8)" />
                <Param name="att_error (uint8)" />
                <Param name="value (uint8array)" />
            </Overload>
        </KeyWord>
        <KeyWord name="attributes_user_write_response" func="yes">
            <Overload retVal="">
                <Param name="connection (connection, uint8)" />
                <Param name="att_error (uint8)" />
            </Overload>
        </KeyWord>
        <KeyWord name="attributes_value" func="yes">
            <Overload retVal="">
                <Param name="connection (connection, uint8)" />
                <Param name="reason (uint8)" />
                <Param name="handle (uint16)" />
                <Param name="offset (uint16)" />
                <Param name="value (uint8array)" />
            </Overload>
        </KeyWord>
        <KeyWord name="attributes_write" func="yes">
            <Overload retVal="result (errorcode)">
                <Param name="handle (uint16)" />
                <Param name="offset (uint8)" />
                <Param name="value (uint8array)" />
            </Overload>
        </KeyWord>
        <KeyWord name="connection_channel_map_get" func="yes">
            <Overload retVal="connection (connection), map (uint8array)">
                <Param name="connection (connection, uint8)" />
            </Overload>
        </KeyWord>
        <KeyWord name="connection_channel_map_set" func="yes">
            <Overload retVal="connection (connection), result (errorcode)">
                <Param name="connection (connection, uint8)" />
                <Param name="map (uint8array)" />
            </Overload>
        </KeyWord>
        <KeyWord name="connection_disconnect" func="yes">
            <Overload retVal="connection (connection), result (errorcode)">
                <Param name="connection (connection, uint8)" />
            </Overload>
        </KeyWord>
        <KeyWord name="connection_disconnected" func="yes">
            <Overload retVal="">
                <Param name="connection (connection, uint8)" />
                <Param name="reason (errorcode, uint16)" />
            </Overload>
        </KeyWord>
        <KeyWord name="connection_feature_ind" func="yes">
            <Overload retVal="">
                <Param name="connection (connection, uint8)" />
                <Param name="features (uint8array)" />
            </Overload>
        </KeyWord>
        <KeyWord name="connection_features_get" func="yes">
            <Overload retVal="connection (connection), result (errorcode)">
                <Param name="connection (connection, uint8)" />
            </Overload>
        </KeyWord>
        <KeyWord name="connection_get_rssi" func="yes">
            <Overload retVal="connection (connection), rssi (dbm)">
                <Param name="connection (connection, uint8)" />
            </Overload>
        </KeyWord>
        <KeyWord name="connection_get_status" func="yes">
            <Overload retVal="connection (connection)">
                <Param name="connection (connection, uint8)" />
            </Overload>
        </KeyWord>
        <KeyWord name="connection_raw_rx" func="yes">
            <Overload retVal="">
                <Param name="connection (connection, uint8)" />
                <Param name="data (uint8array)" />
            </Overload>
        </KeyWord>
        <KeyWord name="connection_raw_tx" func="yes">
            <Overload retVal="connection (connection)">
                <Param name="connection (connection, uint8)" />
                <Param name="data (uint8array)" />
            </Overload>
        </KeyWord>
        <KeyWord name="connection_status" func="yes">
            <Overload retVal="">
                <Param name="connection (connection, uint8)" />
                <Param name="flags (uint8)" />
                <Param name="address (bd_addr)" />
                <Param name="address_type (uint8)" />
                <Param name="conn_interval (uint16)" />
                <Param name="timeout (uint16)" />
                <Param name="latency (uint16)" />
                <Param name="bonding (uint8)" />
            </Overload>
        </KeyWord>
        <KeyWord name="connection_update" func="yes">
            <Overload retVal="connection (connection), result (errorcode)">
                <Param name="connection (connection, uint8)" />
                <Param name="interval_min (uint16)" />
                <Param name="interval_max (uint16)" />
                <Param name="latency (uint16)" />
                <Param name="timeout (uint16)" />
            </Overload>
        </KeyWord>
        <KeyWord name="connection_version_ind" func="yes">
            <Overload retVal="">
                <Param name="connection (connection, uint8)" />
                <Param name="vers_nr (uint8)" />
                <Param name="comp_id (uint16)" />
                <Param name="sub_vers_nr (uint16)" />
            </Overload>
        </KeyWord>
        <KeyWord name="connection_version_update" func="yes">
            <Overload retVal="connection (connection), result (errorcode)">
                <Param name="connection (connection, uint8)" />
            </Overload>
        </KeyWord>
        <KeyWord name="flash_erase_page" func="yes">
            <Overload retVal="result (errorcode)">
                <Param name="page (uint8)" />
            </Overload>
        </KeyWord>
        <KeyWord name="flash_ps_defrag" func="yes">
            <Overload retVal="">
            </Overload>
        </KeyWord>
        <KeyWord name="flash_ps_dump" func="yes">
            <Overload retVal="">
            </Overload>
        </KeyWord>
        <KeyWord name="flash_ps_erase" func="yes">
            <Overload retVal="">
                <Param name="key (uint16)" />
            </Overload>
        </KeyWord>
        <KeyWord name="flash_ps_erase_all" func="yes">
            <Overload retVal="">
            </Overload>
        </KeyWord>
        <KeyWord name="flash_ps_key" func="yes">
            <Overload retVal="">
                <Param name="key (uint16)" />
                <Param name="value (uint8array)" />
            </Overload>
        </KeyWord>
        <KeyWord name="flash_ps_load" func="yes">
            <Overload retVal="result (errorcode), value (uint8array)">
                <Param name="key (uint16)" />
            </Overload>
        </KeyWord>
        <KeyWord name="flash_ps_save" func="yes">
            <Overload retVal="result (errorcode)">
                <Param name="key (uint16)" />
                <Param name="value (uint8array)" />
            </Overload>
        </KeyWord>
        <KeyWord name="flash_write_words" func="yes">
            <Overload retVal="">
                <Param name="address (uint16)" />
                <Param name="words (uint8array)" />
            </Overload>
        </KeyWord>
        <KeyWord name="float" func="yes">
            <Overload retVal="FLOAT representation (4-byte uint8s)">
                <Param name="mantissa (24-bit, uint32)" />
                <Param name="exponent (8-bit, uint8)" />
            </Overload>
        </KeyWord>
        <KeyWord name="gap_connect_direct" func="yes">
            <Overload retVal="result (errorcode), connection_handle (uint8)">
                <Param name="address (bd_addr)" />
                <Param name="addr_type (uint8)" />
                <Param name="conn_interval_min (uint16)" />
                <Param name="conn_interval_max (uint16)" />
                <Param name="timeout (uint16)" />
                <Param name="latency (uint16)" />
            </Overload>
        </KeyWord>
        <KeyWord name="gap_connect_selective" func="yes">
            <Overload retVal="result (errorcode), connection_handle (uint8)">
                <Param name="conn_interval_min (uint16)" />
                <Param name="conn_interval_max (uint16)" />
                <Param name="timeout (uint16)" />
                <Param name="latency (uint16)" />
            </Overload>
        </KeyWord>
        <KeyWord name="gap_discover" func="yes">
            <Overload retVal="result (errorcode)">
                <Param name="mode (uint8)" />
            </Overload>
        </KeyWord>
        <KeyWord name="gap_end_procedure" func="yes">
            <Overload retVal="result (errorcode)">
            </Overload>
        </KeyWord>
        <KeyWord name="gap_mode_changed" func="yes">
            <Overload retVal="">
                <Param name="discover (uint8)" />
                <Param name="connect (uint8)" />
            </Overload>
        </KeyWord>
        <KeyWord name="gap_scan_response" func="yes">
            <Overload retVal="">
                <Param name="rssi (dbm, int8)" />
                <Param name="packet_type (uint8)" />
                <Param name="sender (bd_addr)" />
                <Param name="address_type (uint8)" />
                <Param name="bond (uint8)" />
                <Param name="data (uint8array)" />
            </Overload>
        </KeyWord>
        <KeyWord name="gap_set_adv_data" func="yes">
            <Overload retVal="result (errorcode)">
                <Param name="set_scanrsp (uint8)" />
                <Param name="adv_data (uint8array)" />
            </Overload>
        </KeyWord>
        <KeyWord name="gap_set_adv_parameters" func="yes">
            <Overload retVal="result (errorcode)">
                <Param name="adv_interval_min (uint16)" />
                <Param name="adv_interval_max (uint16)" />
                <Param name="adv_channels (uint8)" />
            </Overload>
        </KeyWord>
        <KeyWord name="gap_set_directed_connectable_mode" func="yes">
            <Overload retVal="result (errorcode)">
                <Param name="address (bd_addr)" />
                <Param name="addr_type (uint8)" />
            </Overload>
        </KeyWord>
        <KeyWord name="gap_set_filtering" func="yes">
            <Overload retVal="result (errorcode)">
                <Param name="scan_policy (uint8)" />
                <Param name="adv_policy (uint8)" />
                <Param name="scan_duplicate_filtering (uint8)" />
            </Overload>
        </KeyWord>
        <KeyWord name="gap_set_mode" func="yes">
            <Overload retVal="result (errorcode)">
                <Param name="discover (uint8)" />
                <Param name="connect (uint8)" />
            </Overload>
        </KeyWord>
        <KeyWord name="gap_set_privacy_flags" func="yes">
            <Overload retVal="">
                <Param name="peripheral_privacy (uint8)" />
                <Param name="central_privacy (uint8)" />
            </Overload>
        </KeyWord>
        <KeyWord name="gap_set_scan_parameters" func="yes">
            <Overload retVal="result (errorcode)">
                <Param name="scan_interval (uint16)" />
                <Param name="scan_window (uint16)" />
                <Param name="active (uint8)" />
            </Overload>
        </KeyWord>
        <KeyWord name="hardware_adc_read" func="yes">
            <Overload retVal="result (errorcode)">
                <Param name="input (uint8)" />
                <Param name="decimation (uint8)" />
                <Param name="reference_selection (uint8)" />
            </Overload>
        </KeyWord>
        <KeyWord name="hardware_adc_result" func="yes">
            <Overload retVal="">
                <Param name="input (uint8)" />
                <Param name="value (int16)" />
            </Overload>
        </KeyWord>
        <KeyWord name="hardware_i2c_read" func="yes">
            <Overload retVal="result (errorcode), data (uint8array)">
                <Param name="address (uint8)" />
                <Param name="stop (uint8)" />
                <Param name="length (uint8)" />
            </Overload>
        </KeyWord>
        <KeyWord name="hardware_i2c_write" func="yes">
            <Overload retVal="written (uint8)">
                <Param name="address (uint8)" />
                <Param name="stop (uint8)" />
                <Param name="data (uint8array)" />
            </Overload>
        </KeyWord>
        <KeyWord name="hardware_io_port_config_direction" func="yes">
            <Overload retVal="result (errorcode)">
                <Param name="port (uint8)" />
                <Param name="direction (uint8)" />
            </Overload>
        </KeyWord>
        <KeyWord name="hardware_io_port_config_function" func="yes">
            <Overload retVal="result (errorcode)">
                <Param name="port (uint8)" />
                <Param name="function (uint8)" />
            </Overload>
        </KeyWord>
        <KeyWord name="hardware_io_port_config_irq" func="yes">
            <Overload retVal="result (errorcode)">
                <Param name="port (uint8)" />
                <Param name="enable_bits (uint8)" />
                <Param name="falling_edge (uint8)" />
            </Overload>
        </KeyWord>
        <KeyWord name="hardware_io_port_config_pull" func="yes">
            <Overload retVal="result (errorcode)">
                <Param name="port (uint8)" />
                <Param name="tristate_mask (uint8)" />
                <Param name="pull_up (uint8)" />
            </Overload>
        </KeyWord>
        <KeyWord name="hardware_io_port_read" func="yes">
            <Overload retVal="result (errorcode), port (uint8), data (uint8)">
                <Param name="port (uint8)" />
                <Param name="mask (uint8)" />
            </Overload>
        </KeyWord>
        <KeyWord name="hardware_io_port_status" func="yes">
            <Overload retVal="">
                <Param name="timestamp (uint32)" />
                <Param name="port (uint8)" />
                <Param name="irq (uint8)" />
                <Param name="state (uint8)" />
            </Overload>
        </KeyWord>
        <KeyWord name="hardware_io_port_write" func="yes">
            <Overload retVal="result (errorcode)">
                <Param name="port (uint8)" />
                <Param name="mask (uint8)" />
                <Param name="data (uint8)" />
            </Overload>
        </KeyWord>
        <KeyWord name="hardware_set_soft_timer" func="yes">
            <Overload retVal="result (errorcode)">
                <Param name="time (uint32)" />
                <Param name="handle (uint8)" />
                <Param name="single_shot (uint8)" />
            </Overload>
        </KeyWord>
        <KeyWord name="hardware_set_txpower" func="yes">
            <Overload retVal="">
                <Param name="power (dbm, int8)" />
            </Overload>
        </KeyWord>
        <KeyWord name="hardware_soft_timer" func="yes">
            <Overload retVal="">
                <Param name="handle (uint8)" />
            </Overload>
        </KeyWord>
        <KeyWord name="hardware_spi_config" func="yes">
            <Overload retVal="result (errorcode)">
                <Param name="channel (uint8)" />
                <Param name="polarity (uint8)" />
                <Param name="phase (uint8)" />
                <Param name="bit_order (uint8)" />
                <Param name="baud_e (uint8)" />
                <Param name="baud_m (uint8)" />
            </Overload>
        </KeyWord>
        <KeyWord name="hardware_spi_transfer" func="yes">
            <Overload retVal="result (errorcode), channel (uint8), data (uint8array)">
                <Param name="channel (uint8)" />
                <Param name="data (uint8array)" />
            </Overload>
        </KeyWord>
        <KeyWord name="hardware_timer_comparator" func="yes">
            <Overload retVal="result (errorcode)">
                <Param name="timer (uint8)" />
                <Param name="channel (uint8)" />
                <Param name="mode (uint8)" />
                <Param name="comparator_value (uint16)" />
            </Overload>
        </KeyWord>
        <KeyWord name="memcmp" func="yes">
            <Overload retVal="result (bool)">
                <Param name="buffer1 (uint8s)" />
                <Param name="buffer2 (uint8s)" />
                <Param name="length (uint8)" />
            </Overload>
        </KeyWord>
        <KeyWord name="memcpy" func="yes">
            <Overload retVal="">
                <Param name="destination (uint8s)" />
                <Param name="source (uint8s)" />
                <Param name="length (uint8)" />
            </Overload>
        </KeyWord>
        <KeyWord name="sfloat" func="yes">
            <Overload retVal="SFLOAT representation (2-byte uint8s)">
                <Param name="mantissa (12-bit, uint16)" />
                <Param name="exponent (4-bit, uint8)" />
            </Overload>
        </KeyWord>
        <KeyWord name="sm_bond_status" func="yes">
            <Overload retVal="">
                <Param name="bond (uint8)" />
                <Param name="keysize (uint8)" />
                <Param name="mitm (uint8)" />
                <Param name="keys (uint8)" />
            </Overload>
        </KeyWord>
        <KeyWord name="sm_bonding_fail" func="yes">
            <Overload retVal="">
                <Param name="handle (uint8)" />
                <Param name="result (uint16)" />
            </Overload>
        </KeyWord>
        <KeyWord name="sm_delete_bonding" func="yes">
            <Overload retVal="result (errorcode)">
                <Param name="handle (uint8)" />
            </Overload>
        </KeyWord>
        <KeyWord name="sm_encrypt_start" func="yes">
            <Overload retVal="handle (uint8), result (errorcode)">
                <Param name="handle (uint8)" />
                <Param name="bonding (uint8)" />
            </Overload>
        </KeyWord>
        <KeyWord name="sm_get_bonds" func="yes">
            <Overload retVal="bonds (uint8)">
            </Overload>
        </KeyWord>
        <KeyWord name="sm_passkey_display" func="yes">
            <Overload retVal="">
                <Param name="handle (uint8)" />
                <Param name="passkey (uint32)" />
            </Overload>
        </KeyWord>
        <KeyWord name="sm_passkey_entry" func="yes">
            <Overload retVal="result (errorcode)">
                <Param name="handle (uint8)" />
                <Param name="passkey (uint32)" />
            </Overload>
        </KeyWord>
        <KeyWord name="sm_passkey_request" func="yes">
            <Overload retVal="">
                <Param name="handle (uint8)" />
            </Overload>
        </KeyWord>
        <KeyWord name="sm_set_bondable_mode" func="yes">
            <Overload retVal="">
                <Param name="bondable (uint8)" />
            </Overload>
        </KeyWord>
        <KeyWord name="sm_set_oob_data" func="yes">
            <Overload retVal="">
                <Param name="oob (uint8array)" />
            </Overload>
        </KeyWord>
        <KeyWord name="sm_set_parameters" func="yes">
            <Overload retVal="">
                <Param name="mitm (uint8)" />
                <Param name="min_key_size (uint8)" />
                <Param name="io_capabilities (uint8)" />
            </Overload>
        </KeyWord>
        <KeyWord name="sm_smp_data" func="yes">
            <Overload retVal="">
                <Param name="handle (uint8)" />
                <Param name="packet (uint8)" />
                <Param name="data (uint8array)" />
            </Overload>
        </KeyWord>
        <KeyWord name="system_address_get" func="yes">
            <Overload retVal="address (bd_addr)">
            </Overload>
        </KeyWord>
        <KeyWord name="system_boot" func="yes">
            <Overload retVal="">
                <Param name="major (uint16)" />
                <Param name="minor (uint16)" />
                <Param name="patch (uint16)" />
                <Param name="build (uint16)" />
                <Param name="ll_version (uint16)" />
                <Param name="protocol_version (uint8)" />
                <Param name="hw (uint8)" />
            </Overload>
        </KeyWord>
        <KeyWord name="system_debug" func="yes">
            <Overload retVal="">
                <Param name="data (uint8array)" />
            </Overload>
        </KeyWord>
        <KeyWord name="system_endpoint_rx" func="yes">
            <Overload retVal="result (errorcode), data (uint8array)">
                <Param name="endpoint (uint8)" />
                <Param name="size (uint8)" />
            </Overload>
        </KeyWord>
        <KeyWord name="system_endpoint_set_watermarks" func="yes">
            <Overload retVal="result (errorcode)">
                <Param name="endpoint (uint8)" />
                <Param name="rx (uint8)" />
                <Param name="tx (uint8)" />
            </Overload>
        </KeyWord>
        <KeyWord name="system_endpoint_tx" func="yes">
            <Overload retVal="result (errorcode)">
                <Param name="endpoint (uint8)" />
                <Param name="data (uint8array)" />
            </Overload>
        </KeyWord>
        <KeyWord name="system_endpoint_watermark_rx" func="yes">
            <Overload retVal="">
                <Param name="endpoint (uint8)" />
                <Param name="data (uint8)" />
            </Overload>
        </KeyWord>
        <KeyWord name="system_endpoint_watermark_tx" func="yes">
            <Overload retVal="">
                <Param name="endpoint (uint8)" />
                <Param name="data (uint8)" />
            </Overload>
        </KeyWord>
        <KeyWord name="system_get_connections" func="yes">
            <Overload retVal="maxconn (uint8)">
            </Overload>
        </KeyWord>
        <KeyWord name="system_get_counters" func="yes">
            <Overload retVal="txok (uint8), txretry (uint8), rxok (uint8), rxfail (uint8), mbuf (uint8)">
            </Overload>
        </KeyWord>
        <KeyWord name="system_get_info" func="yes">
            <Overload retVal="major (uint16), minor (uint16), patch (uint16), build (uint16), ll_version (uint16), protocol_version (uint8), hw (uint8)">
            </Overload>
        </KeyWord>
        <KeyWord name="system_hello" func="yes">
            <Overload retVal="">
            </Overload>
        </KeyWord>
        <KeyWord name="system_read_memory" func="yes">
            <Overload retVal="address (uint32), data (uint8array)">
                <Param name="address (uint32)" />
                <Param name="length (uint8)" />
            </Overload>
        </KeyWord>
        <KeyWord name="system_reg_read" func="yes">
            <Overload retVal="address (uint16), value (uint8)">
                <Param name="address (uint16)" />
            </Overload>
        </KeyWord>
        <KeyWord name="system_reg_write" func="yes">
            <Overload retVal="result (errorcode)">
                <Param name="address (uint16)" />
                <Param name="value (uint8)" />
            </Overload>
        </KeyWord>
        <KeyWord name="system_reset" func="yes">
            <Overload retVal="">
                <Param name="boot_in_dfu (uint8)" />
            </Overload>
        </KeyWord>
        <KeyWord name="system_script_failure" func="yes">
            <Overload retVal="">
                <Param name="address (uint16)" />
                <Param name="reason (errorcode, uint16)" />
            </Overload>
        </KeyWord>
        <KeyWord name="system_whitelist_append" func="yes">
            <Overload retVal="result (errorcode)">
                <Param name="address (bd_addr)" />
                <Param name="address_type (uint8)" />
            </Overload>
        </KeyWord>
        <KeyWord name="system_whitelist_clear" func="yes">
            <Overload retVal="">
            </Overload>
        </KeyWord>
        <KeyWord name="system_whitelist_remove" func="yes">
            <Overload retVal="result (errorcode)">
                <Param name="address (bd_addr)" />
                <Param name="address_type (uint8)" />
            </Overload>
        </KeyWord>
        <KeyWord name="test_debug" func="yes">
            <Overload retVal="output (uint8array)">
                <Param name="input (uint8array)" />
            </Overload>
        </KeyWord>
        <KeyWord name="test_get_channel_map" func="yes">
            <Overload retVal="channel_map (uint8array)">
            </Overload>
        </KeyWord>
        <KeyWord name="test_phy_end" func="yes">
            <Overload retVal="counter (uint16)">
            </Overload>
        </KeyWord>
        <KeyWord name="test_phy_reset" func="yes">
            <Overload retVal="">
            </Overload>
        </KeyWord>
        <KeyWord name="test_phy_rx" func="yes">
            <Overload retVal="">
                <Param name="channel (uint8)" />
            </Overload>
        </KeyWord>
        <KeyWord name="test_phy_tx" func="yes">
            <Overload retVal="">
                <Param name="channel (uint8)" />
                <Param name="length (uint8)" />
                <Param name="type (uint8)" />
            </Overload>
        </KeyWord>
    </AutoComplete>
</NotepadPlus>
