<?xml version="1.0" encoding="UTF-8" ?>
<configuration>

    <service uuid="1800">
      <description>Generic Access Profile</description>

      <characteristic uuid="2a00">
        <properties read="true" const="true" />
        <value>Bluegiga Heart Rate Demo</value>
      </characteristic>

      <characteristic uuid="2a01">
        <properties read="true" const="true" />
        <value type="hex">4142</value>
      </characteristic>
    </service>

    <service type="primary" uuid="180A" id="manufacturer">
        <characteristic uuid="2A25">
            <properties read="true" const="true" />
            <value type="hex">000780c0ffeef00d</value>
        </characteristic>
        <characteristic uuid="2A24">
            <properties read="true" const="true" />
            <value>modelnumber</value>
        </characteristic>
        <characteristic uuid="2A29">
            <properties read="true" const="true" />
            <value>Bluegiga</value>
        </characteristic>
    </service>

    <service uuid="180d">
       <description>HR demo</description>
       <include id="manufacturer" />
      <characteristic uuid="2a37" id="xgatt_hr">
          <properties notify="true" />
          <value length="2" />
      </characteristic>
    </service>
    <service uuid="e001">
       <description>Battery status</description>
       <include id="manufacturer" />
      <characteristic uuid="e101" id="xgatt_battery">
          <properties read="true" />
          <value length="2" />
      </characteristic>
    </service>
</configuration>
